player_id,snapshot_week,sport,school,conference,ppg,apg,rpg,injury_flag,games_played,program_tier,nil_valuation,nil_tier,sport_encoded,conference_encoded
P001,1,football,Ohio State,Big Ten,1.0105695143920508,-0.19260818672082958,-0.9503329628132885,0,-1.507359496761061,-0.5948030041269224,84490.26,2,1,2
P001,2,football,Ohio State,Big Ten,1.0332488724205533,-0.860392885604339,-0.9503329628132885,0,-1.128625954861297,-0.5948030041269224,151519.34,2,1,2
P001,3,football,Ohio State,Big Ten,0.7724362550927725,-0.9557906997305547,-0.9503329628132885,0,-0.749892412961533,-0.5948030041269224,289136.8,3,1,2
P001,4,football,Ohio State,Big Ten,0.6363601069217565,-0.7172961644150156,-0.6444252299821263,1,-0.749892412961533,-0.5948030041269224,236442.74,3,1,2
P001,5,football,Ohio State,Big Ten,2.0538199837031734,-0.24030709378393744,-0.6750160032652426,0,-0.3711588710617689,-0.5948030041269224,346740.55,3,1,2
P001,6,football,Ohio State,Big Ten,1.1579853415773178,-0.24030709378393744,-1.1338776025119859,0,0.00757467083799512,-0.5948030041269224,492041.1,3,1,2
P001,7,football,Ohio State,Big Ten,1.5435344280618635,-0.24030709378393744,-1.0726960559457535,0,0.38630821273775917,-0.5948030041269224,733578.25,4,1,2
P001,8,football,Ohio State,Big Ten,0.5910013908647509,-0.3834038149732608,-1.3174222422106832,0,0.7650417546375232,-0.5948030041269224,729825.76,4,1,2
P001,9,football,Ohio State,Big Ten,0.06937615620918955,-0.24030709378393744,-0.4914713635665452,1,0.7650417546375232,-0.5948030041269224,365328.91,3,1,2
P001,10,football,Ohio State,Big Ten,0.14875390930894883,-0.3834038149732608,-0.4608805902834291,0,1.1437752965372872,-0.5948030041269224,494218.35,3,1,2
P002,1,basketball,Georgia,SEC,-0.12339838703308312,2.4785306088132084,0.8239318876074521,0,-1.507359496761061,0.4673452175282961,28249.44,1,0,4
P002,2,basketball,Georgia,SEC,-0.3048332512611047,2.4785306088132084,0.6097964746256385,0,-1.128625954861297,0.4673452175282961,47462.97,1,0,4
P002,3,basketball,Georgia,SEC,0.6136807488932539,2.1446382593714537,0.12034410209577912,0,-0.749892412961533,0.4673452175282961,70640.17,2,0,4
P002,4,basketball,Georgia,SEC,-0.316172930275356,2.1446382593714537,0.8545226608905682,0,-0.3711588710617689,0.4673452175282961,77404.47,2,0,4
P002,5,basketball,Georgia,SEC,1.0332488724205533,2.573928422939424,0.6403872479087549,0,0.00757467083799512,0.4673452175282961,133625.88,2,0,4
P002,6,basketball,Georgia,SEC,-0.3388522883038588,1.9061437240559147,0.670978021191871,1,0.00757467083799512,0.4673452175282961,82582.27,2,0,4
P002,7,basketball,Georgia,SEC,0.35286813156547303,2.1923371664345614,0.4874333814931738,0,0.38630821273775917,0.4673452175282961,200412.22,3,0,4
P002,8,basketball,Georgia,SEC,0.5116236377649916,2.2877349805607774,0.670978021191871,0,0.7650417546375232,0.4673452175282961,164563.2,2,0,4
P002,9,basketball,Georgia,SEC,0.5002839587507405,2.00154153818213,0.2732979685113602,1,0.7650417546375232,0.4673452175282961,142435.52,2,0,4
P002,10,basketball,Georgia,SEC,0.5229633167792431,2.3354338876238847,0.5792057013425224,0,1.1437752965372872,0.4673452175282961,187272.6,2,0,4
P003,1,football,Michigan,Big Ten,0.8631536872067832,-0.5741994432256922,-0.9197421895301724,0,-1.507359496761061,0.4673452175282961,31258.87,1,1,2
P003,2,football,Michigan,Big Ten,0.4322458846652323,-0.9080917926674469,-0.7973790963977073,0,-1.128625954861297,0.4673452175282961,46975.37,1,1,2
P003,3,football,Michigan,Big Ten,0.8177949711497776,-1.146586327982986,-0.4914713635665452,0,-0.749892412961533,0.4673452175282961,129738.01,2,1,2
P003,4,football,Michigan,Big Ten,0.012677761137932859,-1.0988874209198782,-0.736197549831475,0,-0.3711588710617689,0.4673452175282961,146412.63,2,1,2
P003,5,football,Michigan,Big Ten,0.5796617118504998,-0.8126939785412313,-0.24674517730161552,0,0.00757467083799512,0.4673452175282961,127529.9,2,1,2
P003,6,football,Michigan,Big Ten,2.1445374158171844,-0.860392885604339,-0.3996990437171966,0,0.38630821273775917,0.4673452175282961,230051.09,3,1,2
P003,7,football,Michigan,Big Ten,1.4754963539763553,-0.6218983502887999,-0.5832436834158939,1,0.38630821273775917,0.4673452175282961,124131.6,2,1,2
P003,8,football,Michigan,Big Ten,1.4754963539763553,-0.47880162909947654,-0.4914713635665452,0,0.7650417546375232,0.4673452175282961,225669.88,3,1,2
P003,9,football,Michigan,Big Ten,1.350759884819591,-1.146586327982986,-0.3996990437171966,0,1.1437752965372872,0.4673452175282961,327683.09,3,1,2
P003,10,football,Michigan,Big Ten,1.4414773169336013,-0.9557906997305547,-0.8891514162470561,0,1.5225088384370513,0.4673452175282961,292518.71,3,1,2
P004,1,basketball,USC,Big 12,0.3415284525512215,1.6199502816772675,0.670978021191871,0,-1.507359496761061,1.5294934391835147,7758.93,1,0,1
P004,2,basketball,USC,Big 12,-0.248134856189848,2.049240445245238,0.6097964746256385,1,-1.507359496761061,1.5294934391835147,6944.98,1,0,1
P004,3,basketball,USC,Big 12,0.4095665266367297,1.810745909929699,0.9157042074568006,0,-1.128625954861297,1.5294934391835147,21547.49,1,0,1
P004,4,basketball,USC,Big 12,0.18277294635170294,1.6199502816772675,0.7321595677581034,0,-0.749892412961533,1.5294934391835147,19907.52,1,0,1
P004,5,basketball,USC,Big 12,0.625020427907505,2.1923371664345614,0.7015687944749871,0,-0.3711588710617689,1.5294934391835147,41439.87,1,0,1
P004,6,basketball,USC,Big 12,0.4435855636794838,1.7153480958034832,0.8239318876074521,0,0.00757467083799512,1.5294934391835147,55811.22,2,0,1
P004,7,basketball,USC,Big 12,0.5796617118504998,2.2877349805607774,0.670978021191871,0,0.38630821273775917,1.5294934391835147,61831.75,2,0,1
P004,8,basketball,USC,Big 12,1.0786075884775586,2.096939352308346,0.4568426082100574,0,0.7650417546375232,1.5294934391835147,51517.26,2,0,1
P004,9,basketball,USC,Big 12,0.3642078105797241,1.5245524675510518,0.793341114324336,0,1.1437752965372872,1.5294934391835147,52133.47,2,0,1
P004,10,basketball,USC,Big 12,-0.8944965600021743,2.1923371664345614,0.7015687944749871,0,1.5225088384370513,1.5294934391835147,52455.31,2,0,1
P005,1,football,Texas,SEC,-0.8944965600021743,-0.9080917926674469,-0.8279698696808236,0,-1.507359496761061,0.4673452175282961,29326.32,1,1,4
P005,2,football,Texas,SEC,-1.1439694983157038,-1.146586327982986,-0.8585606429639399,1,-1.507359496761061,0.4673452175282961,20988.23,1,1,4
P005,3,football,Texas,SEC,-1.257366288458217,-0.7172961644150156,-0.9197421895301724,0,-1.128625954861297,0.4673452175282961,47471.6,1,1,4
P005,4,football,Texas,SEC,-1.155309177329955,-1.146586327982986,-0.5526529101327777,0,-0.749892412961533,0.4673452175282961,80557.22,2,1,4
P005,5,football,Texas,SEC,-1.4274614736719873,-0.6695972573519078,-1.0421052826626371,0,-0.3711588710617689,0.4673452175282961,63866.64,2,1,4
P005,6,football,Texas,SEC,-1.6769344119855165,-1.0034896067936627,-0.5832436834158939,0,0.00757467083799512,0.4673452175282961,79927.09,2,1,4
P005,7,football,Texas,SEC,-1.4274614736719873,-1.0988874209198782,-1.3174222422106832,0,0.38630821273775917,0.4673452175282961,142721.13,2,1,4
P005,8,football,Texas,SEC,-1.79033120212803,-0.7649950714781234,-1.2562406956444505,0,0.7650417546375232,0.4673452175282961,169365.59,2,1,4
P005,9,football,Texas,SEC,-1.0078933501446876,-1.0988874209198782,-0.6444252299821263,0,1.1437752965372872,0.4673452175282961,183012.77,2,1,4
P005,10,football,Texas,SEC,-0.917175918030677,-0.5741994432256922,-1.3174222422106832,0,1.5225088384370513,0.4673452175282961,209688.76,3,1,4
P006,1,basketball,Oregon,Big Ten,-0.6677029797171474,1.9538426311190225,-1.0421052826626371,0,-1.507359496761061,-1.6569512257821408,125604.81,2,0,2
P006,2,basketball,Oregon,Big Ten,-0.248134856189848,2.2877349805607774,-1.1950591490782183,0,-1.128625954861297,-1.6569512257821408,299758.08,3,0,2
P006,3,basketball,Oregon,Big Ten,-0.40689036238936677,1.6676491887403757,-1.3174222422106832,0,-0.749892412961533,-1.6569512257821408,336979.08,3,0,2
P006,4,basketball,Oregon,Big Ten,-0.2594745352040993,2.383132794686993,-0.6750160032652426,0,-0.3711588710617689,-1.6569512257821408,625508.45,4,0,2
P006,5,basketball,Oregon,Big Ten,-0.316172930275356,2.00154153818213,-0.6444252299821263,0,0.00757467083799512,-1.6569512257821408,589205.26,4,0,2
P006,6,basketball,Oregon,Big Ten,-0.9398552760591796,2.096939352308346,-0.8891514162470561,0,0.38630821273775917,-1.6569512257821408,642226.41,4,0,2
P006,7,basketball,Oregon,Big Ten,-0.5883252266173882,2.383132794686993,-1.286831468927567,0,0.7650417546375232,-1.6569512257821408,971806.05,4,0,2
P006,8,basketball,Oregon,Big Ten,-0.02134127590482124,1.9061437240559147,-0.9197421895301724,0,1.1437752965372872,-1.6569512257821408,1299945.5,5,0,2
P006,9,basketball,Oregon,Big Ten,-0.8151188069024149,2.240036073497669,-0.5220621368496614,0,1.5225088384370513,-1.6569512257821408,777968.43,4,0,2
P006,10,basketball,Oregon,Big Ten,-0.13473806604733463,2.1923371664345614,-1.3174222422106832,0,1.9012423803368153,-1.6569512257821408,1633622.52,5,0,2
P007,1,football,LSU,SEC,0.19411262536595403,-0.4311027220363687,-1.3174222422106832,0,-1.507359496761061,1.5294934391835147,7742.65,1,1,4
P007,2,football,LSU,SEC,0.35286813156547303,-0.7172961644150156,-1.3174222422106832,0,-1.128625954861297,1.5294934391835147,22341.68,1,1,4
P007,3,football,LSU,SEC,0.7724362550927725,-1.0034896067936627,-1.3174222422106832,0,-0.749892412961533,1.5294934391835147,24747.9,1,1,4
P007,4,football,LSU,SEC,1.396118600876596,-0.7172961644150156,-1.2256499223613344,1,-0.749892412961533,1.5294934391835147,27291.64,1,1,4
P007,5,football,LSU,SEC,2.0084612676461684,-0.6695972573519078,-1.3174222422106832,0,-0.3711588710617689,1.5294934391835147,57551.79,2,1,4
P007,6,football,LSU,SEC,1.963102551589163,-0.2880060008470452,-1.3174222422106832,0,0.00757467083799512,1.5294934391835147,56124.29,2,1,4
P007,7,football,LSU,SEC,0.9425314403065426,-1.146586327982986,-1.3174222422106832,0,0.38630821273775917,1.5294934391835147,78007.98,2,1,4
P007,8,football,LSU,SEC,0.024017440152183957,-1.0988874209198782,-0.6750160032652426,0,0.7650417546375232,1.5294934391835147,85137.8,2,1,4
P007,9,football,LSU,SEC,-0.4976077945033774,-0.860392885604339,-1.164468375795102,0,1.1437752965372872,1.5294934391835147,92307.83,2,1,4
P007,10,football,LSU,SEC,1.7816676873611414,-0.8126939785412313,-0.8585606429639399,0,1.5225088384370513,1.5294934391835147,104331.31,2,1,4
P008,1,basketball,Clemson,ACC,1.0672679094633075,1.810745909929699,-0.0020189910366858557,0,-1.507359496761061,0.4673452175282961,31974.51,1,0,0
P008,2,basketball,Clemson,ACC,1.0786075884775586,1.9538426311190225,0.30388874179447634,0,-1.128625954861297,0.4673452175282961,72159.99,2,0,0
P008,3,basketball,Clemson,ACC,1.2487027736913285,2.383132794686993,-0.1243820841691507,0,-0.749892412961533,0.4673452175282961,73123.63,2,0,0
P008,4,basketball,Clemson,ACC,0.6136807488932539,2.4785306088132084,-0.4608805902834291,0,-0.3711588710617689,0.4673452175282961,80538.1,2,0,0
P008,5,basketball,Clemson,ACC,1.1126266255203126,1.7153480958034832,0.2732979685113602,0,0.00757467083799512,0.4673452175282961,185830.14,2,0,0
P008,6,basketball,Clemson,ACC,1.2827218107340828,2.1446382593714537,0.30388874179447634,0,0.38630821273775917,0.4673452175282961,233495.08,3,0,0
P008,7,basketball,Clemson,ACC,0.058036477194938055,2.1446382593714537,0.059162555529546634,0,0.7650417546375232,0.4673452175282961,172968.04,2,0,0
P008,8,basketball,Clemson,ACC,2.428029391173468,2.096939352308346,-0.5832436834158939,1,0.7650417546375232,0.4673452175282961,140156.94,2,0,0
P008,9,basketball,Clemson,ACC,0.26215069945146224,1.8584448169928067,-0.03260976431980196,0,1.1437752965372872,0.4673452175282961,257846.94,3,0,0
P008,10,basketball,Clemson,ACC,1.1579853415773178,2.240036073497669,-0.33851749715096413,0,1.5225088384370513,0.4673452175282961,209144.94,3,0,0
P009,1,football,Penn State,Big Ten,-0.2367951771755967,-0.9557906997305547,-0.8279698696808236,0,-1.507359496761061,-1.6569512257821408,186065.9,2,1,2
P009,2,football,Penn State,Big Ten,0.2848300574799648,-0.9557906997305547,-1.0421052826626371,0,-1.128625954861297,-1.6569512257821408,385062.01,3,1,2
P009,3,football,Penn State,Big Ten,-0.4976077945033774,-1.146586327982986,-0.24674517730161552,0,-0.749892412961533,-1.6569512257821408,426983.15,3,1,2
P009,4,football,Penn State,Big Ten,0.024017440152183957,-0.8126939785412313,-0.8891514162470561,0,-0.3711588710617689,-1.6569512257821408,655857.27,4,1,2
P009,5,football,Penn State,Big Ten,-0.2141158191470939,-1.146586327982986,-1.2256499223613344,0,0.00757467083799512,-1.6569512257821408,558822.23,4,1,2
P009,6,football,Penn State,Big Ten,-0.5316268315461314,-1.0988874209198782,-1.3174222422106832,0,0.38630821273775917,-1.6569512257821408,1061021.77,5,1,2
P009,7,football,Penn State,Big Ten,0.3415284525512215,-0.8126939785412313,-1.2562406956444505,0,0.7650417546375232,-1.6569512257821408,1251016.49,5,1,2
P009,8,football,Penn State,Big Ten,0.4209062056509808,-1.146586327982986,-1.0421052826626371,0,1.1437752965372872,-1.6569512257821408,1274638.64,5,1,2
P009,9,football,Penn State,Big Ten,-0.13473806604733463,-0.7172961644150156,-0.9809237360964047,0,1.5225088384370513,-1.6569512257821408,1087095.23,5,1,2
P009,10,football,Penn State,Big Ten,-0.7357410538026556,-1.0988874209198782,-1.1338776025119859,0,1.9012423803368153,-1.6569512257821408,1212943.93,5,1,2
P010,1,basketball,Florida State,ACC,1.1693250205915693,-0.4311027220363687,0.3956610616438249,0,-1.507359496761061,-0.5948030041269224,65964.27,2,0,0
P010,2,basketball,Florida State,ACC,1.3734392428480935,-0.33570490791015306,-0.18556363073538304,0,-1.128625954861297,-0.5948030041269224,137568.0,2,0,0
P010,3,basketball,Florida State,ACC,1.1693250205915693,-0.4311027220363687,-0.5220621368496614,0,-0.749892412961533,-0.5948030041269224,190069.26,2,0,0
P010,4,basketball,Florida State,ACC,1.6342518601758744,-0.9080917926674469,0.30388874179447634,0,-0.3711588710617689,-0.5948030041269224,258760.4,3,0,0
P010,5,basketball,Florida State,ACC,0.7497568970642698,-0.6695972573519078,0.548614928059406,0,0.00757467083799512,-0.5948030041269224,436714.14,3,0,0
P010,6,basketball,Florida State,ACC,1.0786075884775586,-0.7172961644150156,0.5180241547762898,0,0.38630821273775917,-0.5948030041269224,608088.24,4,0,0
P010,7,basketball,Florida State,ACC,0.3415284525512215,-0.47880162909947654,0.3650702883607088,0,0.7650417546375232,-0.5948030041269224,373423.68,3,0,0
P010,8,basketball,Florida State,ACC,2.552765860330233,-0.4311027220363687,0.4262518349269413,0,1.1437752965372872,-0.5948030041269224,634778.45,4,0,0
P010,9,basketball,Florida State,ACC,0.22813166240870814,-0.3834038149732608,0.6403872479087549,0,1.5225088384370513,-0.5948030041269224,575203.37,4,0,0
P010,10,basketball,Florida State,ACC,3.403241786399083,-0.6218983502887999,-0.30792672386784803,0,1.9012423803368153,-0.5948030041269224,963935.64,4,0,0
P011,1,football,Oklahoma,SEC,0.06937615620918955,-0.9080917926674469,-0.7667883231145912,0,-1.507359496761061,0.4673452175282961,32680.57,1,1,4
P011,2,football,Oklahoma,SEC,-0.08937934999032943,-0.860392885604339,-0.6138344566990102,0,-1.128625954861297,0.4673452175282961,60252.66,2,1,4
P011,3,football,Oklahoma,SEC,0.13741423029469735,-0.8126939785412313,-0.8279698696808236,0,-0.749892412961533,0.4673452175282961,67754.59,2,1,4
P011,4,football,Oklahoma,SEC,-0.13473806604733463,-0.8126939785412313,-0.3996990437171966,0,-0.3711588710617689,0.4673452175282961,138763.71,2,1,4
P011,5,football,Oklahoma,SEC,-0.1687571030900887,-1.0511885138567703,-0.6138344566990102,0,0.00757467083799512,0.4673452175282961,163781.79,2,1,4
P011,6,football,Oklahoma,SEC,0.12607455128044626,-0.8126939785412313,0.08975332881266274,0,0.38630821273775917,0.4673452175282961,168100.43,2,1,4
P011,7,football,Oklahoma,SEC,-0.4409093994321207,-0.7172961644150156,-0.7667883231145912,0,0.7650417546375232,0.4673452175282961,155051.52,2,1,4
P011,8,football,Oklahoma,SEC,-0.2594745352040993,-0.33570490791015306,-0.4608805902834291,1,0.7650417546375232,0.4673452175282961,169898.98,2,1,4
P011,9,football,Oklahoma,SEC,1.4754963539763553,-0.7649950714781234,-0.4302898170003129,0,1.1437752965372872,0.4673452175282961,319456.51,3,1,4
P011,10,football,Oklahoma,SEC,0.5116236377649916,-0.5265005361625843,-0.6444252299821263,0,1.5225088384370513,0.4673452175282961,368153.3,3,1,4
P012,1,basketball,Tennessee,SEC,0.8971727242495373,0.14128416272092528,2.261698231913914,0,-1.507359496761061,1.5294934391835147,7251.31,1,0,4
P012,2,basketball,Tennessee,SEC,0.488944279736489,-0.860392885604339,2.353470551763263,0,-1.128625954861297,1.5294934391835147,16594.99,1,0,4
P012,3,basketball,Tennessee,SEC,1.1466456625630668,-0.8126939785412313,2.0169720456489846,0,-0.749892412961533,1.5294934391835147,24111.14,1,0,4
P012,4,basketball,Tennessee,SEC,-0.15741742407583723,-0.47880162909947654,2.0169720456489846,0,-0.3711588710617689,1.5294934391835147,34837.16,1,0,4
P012,5,basketball,Tennessee,SEC,0.23947134142295962,-0.7172961644150156,2.231107458630798,0,0.00757467083799512,1.5294934391835147,34840.82,1,0,4
P012,6,basketball,Tennessee,SEC,1.396118600876596,-0.4311027220363687,2.078153592215217,0,0.38630821273775917,1.5294934391835147,77342.89,2,0,4
P012,7,basketball,Tennessee,SEC,0.2961697364942163,0.14128416272092528,1.7416550861009386,1,0.38630821273775917,1.5294934391835147,42773.03,1,0,4
P012,8,basketball,Tennessee,SEC,0.3415284525512215,-0.19260818672082958,2.4758336448957277,0,0.7650417546375232,1.5294934391835147,50847.04,2,0,4
P012,9,basketball,Tennessee,SEC,1.815686724403896,-0.47880162909947654,2.261698231913914,0,1.1437752965372872,1.5294934391835147,96535.37,2,0,4
P012,10,basketball,Tennessee,SEC,1.0445885514348043,-0.1449092796577217,2.322879778480147,1,1.1437752965372872,1.5294934391835147,43168.36,1,0,4
P013,1,football,Notre Dame,Independent,-0.8264584859166663,-0.7649950714781234,-1.0421052826626371,0,-1.507359496761061,0.4673452175282961,27894.32,1,1,3
P013,2,football,Notre Dame,Independent,-0.9625346340876824,-0.3834038149732608,-1.1950591490782183,1,-1.507359496761061,0.4673452175282961,13188.22,1,1,3
P013,3,football,Notre Dame,Independent,-1.4274614736719873,-0.09721037259461383,-1.3174222422106832,0,-1.128625954861297,0.4673452175282961,46560.02,1,1,3
P013,4,football,Notre Dame,Independent,-1.223347251415463,-0.8126939785412313,-0.5526529101327777,0,-0.749892412961533,0.4673452175282961,67235.57,2,1,3
P013,5,football,Notre Dame,Independent,-0.8151188069024149,-0.5265005361625843,-1.1950591490782183,1,-0.749892412961533,0.4673452175282961,46517.87,1,1,3
P013,6,football,Notre Dame,Independent,-0.5429665105603828,-0.860392885604339,-0.8585606429639399,0,-0.3711588710617689,0.4673452175282961,128840.49,2,1,3
P013,7,football,Notre Dame,Independent,-0.7017220167599015,-0.47880162909947654,-1.3174222422106832,0,0.00757467083799512,0.4673452175282961,142036.2,2,1,3
P013,8,football,Notre Dame,Independent,-0.3728713253466127,-0.47880162909947654,-0.7973790963977073,0,0.38630821273775917,0.4673452175282961,183767.03,2,1,3
P013,9,football,Notre Dame,Independent,-1.257366288458217,-0.33570490791015306,-0.9809237360964047,1,0.38630821273775917,0.4673452175282961,78292.27,2,1,3
P013,10,football,Notre Dame,Independent,-1.0305727081731904,-0.47880162909947654,-1.3174222422106832,0,0.7650417546375232,0.4673452175282961,159255.23,2,1,3
P014,1,basketball,Miami,ACC,-0.917175918030677,1.1429612110461893,0.6403872479087549,0,-1.507359496761061,0.4673452175282961,15204.98,1,0,0
P014,2,basketball,Miami,ACC,-0.8377981649309175,1.1429612110461893,1.3745658067035442,0,-1.128625954861297,0.4673452175282961,48873.02,1,0,0
P014,3,basketball,Miami,ACC,-0.8264584859166663,1.1429612110461893,0.4874333814931738,0,-0.749892412961533,0.4673452175282961,70408.05,2,0,0
P014,4,basketball,Miami,ACC,-0.4635887574606235,0.9998644898568659,0.793341114324336,0,-0.3711588710617689,0.4673452175282961,96188.75,2,0,0
P014,5,basketball,Miami,ACC,-0.4635887574606235,0.8090688616044345,0.5180241547762898,0,0.00757467083799512,0.4673452175282961,138831.29,2,0,0
P014,6,basketball,Miami,ACC,-0.1687571030900887,1.3814557463617285,0.8545226608905682,0,0.38630821273775917,0.4673452175282961,144531.42,2,0,0
P014,7,basketball,Miami,ACC,-0.7584204118311583,1.3337568392986208,0.6403872479087549,1,0.38630821273775917,0.4673452175282961,100585.28,2,0,0
P014,8,basketball,Miami,ACC,-0.7924394488739124,1.2860579322355128,0.6097964746256385,0,0.7650417546375232,0.4673452175282961,177600.6,2,0,0
P014,9,basketball,Miami,ACC,-1.2006678933869606,0.7613699545413268,0.7321595677581034,0,1.1437752965372872,0.4673452175282961,118089.79,2,0,0
P014,10,basketball,Miami,ACC,0.16009358832320034,0.9044666757306502,0.5180241547762898,0,1.5225088384370513,0.4673452175282961,270759.49,3,0,0
P015,1,football,UCLA,Big Ten,0.30750941550846744,-0.2880060008470452,-0.3691082704340804,0,-1.507359496761061,-0.5948030041269224,83764.59,2,1,2
P015,2,football,UCLA,Big Ten,0.18277294635170294,-0.4311027220363687,-0.30792672386784803,0,-1.128625954861297,-0.5948030041269224,187959.11,2,1,2
P015,3,football,UCLA,Big Ten,0.0013380821236813594,-0.47880162909947654,-1.0726960559457535,0,-0.749892412961533,-0.5948030041269224,177471.43,2,1,2
P015,4,football,UCLA,Big Ten,-0.4635887574606235,-0.2880060008470452,-0.6750160032652426,0,-0.3711588710617689,-0.5948030041269224,323031.09,3,1,2
P015,5,football,UCLA,Big Ten,-0.07803967097607793,-0.47880162909947654,-0.03260976431980196,0,0.00757467083799512,-0.5948030041269224,505249.67,4,1,2
P015,6,football,UCLA,Big Ten,-0.2141158191470939,-0.24030709378393744,-0.6138344566990102,0,0.38630821273775917,-0.5948030041269224,464543.28,3,1,2
P015,7,football,UCLA,Big Ten,-0.2367951771755967,-0.4311027220363687,-0.5832436834158939,0,0.7650417546375232,-0.5948030041269224,401145.48,3,1,2
P015,8,football,UCLA,Big Ten,1.3847789218623445,0.045886348594709546,-0.9197421895301724,0,1.1437752965372872,-0.5948030041269224,646264.45,4,1,2
P015,9,football,UCLA,Big Ten,1.1466456625630668,-0.47880162909947654,-0.03260976431980196,0,1.5225088384370513,-0.5948030041269224,669586.93,4,1,2
P015,10,football,UCLA,Big Ten,1.815686724403896,-0.4311027220363687,-0.8585606429639399,0,1.9012423803368153,-0.5948030041269224,1348754.67,5,1,2
P016,1,basketball,Washington,Big Ten,0.06937615620918955,-0.3834038149732608,0.059162555529546634,0,-1.507359496761061,0.4673452175282961,19291.35,1,0,2
P016,2,basketball,Washington,Big Ten,-0.20277614013284262,-0.5265005361625843,0.3650702883607088,0,-1.128625954861297,0.4673452175282961,50716.78,2,0,2
P016,3,basketball,Washington,Big Ten,0.6136807488932539,-0.2880060008470452,0.028571782246430526,0,-0.749892412961533,0.4673452175282961,72470.22,2,0,2
P016,4,basketball,Washington,Big Ten,0.6476997859360075,-0.33570490791015306,0.6097964746256385,0,-0.3711588710617689,0.4673452175282961,123660.63,2,0,2
P016,5,basketball,Washington,Big Ten,0.4209062056509808,-0.7649950714781234,0.5180241547762898,0,0.00757467083799512,0.4673452175282961,163504.34,2,0,2
P016,6,basketball,Washington,Big Ten,-0.5996649056316394,-0.5741994432256922,0.7321595677581034,0,0.38630821273775917,0.4673452175282961,157967.44,2,0,2
P016,7,basketball,Washington,Big Ten,0.625020427907505,-0.6695972573519078,0.3650702883607088,0,0.7650417546375232,0.4673452175282961,208697.36,3,0,2
P016,8,basketball,Washington,Big Ten,0.9311917612922911,-0.4311027220363687,0.548614928059406,0,1.1437752965372872,0.4673452175282961,182094.52,2,0,2
P016,9,basketball,Washington,Big Ten,1.3734392428480935,-0.47880162909947654,0.3650702883607088,0,1.5225088384370513,0.4673452175282961,303856.41,3,0,2
P016,10,basketball,Washington,Big Ten,1.3280805267910878,-0.5741994432256922,0.7015687944749871,1,1.5225088384370513,0.4673452175282961,205521.71,3,0,2
P017,1,football,Duke,ACC,0.4322458846652323,-1.146586327982986,-0.5526529101327777,0,-1.507359496761061,-0.5948030041269224,95565.97,2,1,0
P017,2,football,Duke,ACC,-0.248134856189848,-1.146586327982986,-1.1950591490782183,0,-1.128625954861297,-0.5948030041269224,178704.5,2,1,0
P017,3,football,Duke,ACC,0.6930585019930132,-0.8126939785412313,-0.5832436834158939,0,-0.749892412961533,-0.5948030041269224,258949.02,3,1,0
P017,4,football,Duke,ACC,0.20545230438020554,-1.146586327982986,-0.736197549831475,0,-0.3711588710617689,-0.5948030041269224,315615.75,3,1,0
P017,5,football,Duke,ACC,0.7384172180500184,-1.146586327982986,-0.4914713635665452,0,0.00757467083799512,-0.5948030041269224,550523.21,4,1,0
P017,6,football,Duke,ACC,0.2848300574799648,-1.0034896067936627,-0.3691082704340804,0,0.38630821273775917,-0.5948030041269224,605163.5,4,1,0
P017,7,football,Duke,ACC,0.7157378600215157,-1.0034896067936627,-0.1243820841691507,0,0.7650417546375232,-0.5948030041269224,496138.43,3,1,0
P017,8,football,Duke,ACC,-0.2934935722468534,-1.146586327982986,0.028571782246430526,0,1.1437752965372872,-0.5948030041269224,602720.42,4,1,0
P017,9,football,Duke,ACC,-0.9965536711304364,-0.9557906997305547,-0.7056067765483588,0,1.5225088384370513,-0.5948030041269224,423701.34,3,1,0
P017,10,football,Duke,ACC,-0.4862681154891261,-1.146586327982986,-1.2562406956444505,0,1.9012423803368153,-0.5948030041269224,643027.83,4,1,0
P018,1,basketball,Kentucky,SEC,-1.2460266094439658,1.3814557463617285,-0.6750160032652426,0,-1.507359496761061,0.4673452175282961,19898.49,1,0,4
P018,2,basketball,Kentucky,SEC,-1.3480837205722278,0.3320797909733565,-0.736197549831475,1,-1.507359496761061,0.4673452175282961,9974.83,1,0,4
P018,3,basketball,Kentucky,SEC,-1.484159868743244,0.8567677686675426,-0.9809237360964047,0,-1.128625954861297,0.4673452175282961,42540.21,1,0,4
P018,4,basketball,Kentucky,SEC,-1.087271103244447,1.0475633969199736,-0.6444252299821263,0,-0.749892412961533,0.4673452175282961,72809.97,2,0,4
P018,5,basketball,Kentucky,SEC,-1.3367440415579765,0.6659721404151111,-0.33851749715096413,0,-0.3711588710617689,0.4673452175282961,57274.67,2,0,4
P018,6,basketball,Kentucky,SEC,-0.7697600908454095,0.8567677686675426,-0.03260976431980196,0,0.00757467083799512,0.4673452175282961,121565.87,2,0,4
P018,7,basketball,Kentucky,SEC,-1.6769344119855165,0.5705743262888956,-0.8279698696808236,0,0.38630821273775917,0.4673452175282961,113044.09,2,0,4
P018,8,basketball,Kentucky,SEC,-0.8604775229594204,0.9044666757306502,-0.6444252299821263,0,0.7650417546375232,0.4673452175282961,162400.93,2,0,4
P018,9,basketball,Kentucky,SEC,-1.552197942828752,1.0475633969199736,-0.7056067765483588,0,1.1437752965372872,0.4673452175282961,162559.78,2,0,4
P018,10,basketball,Kentucky,SEC,-1.5748773008572545,0.4751765121626799,-0.5832436834158939,0,1.5225088384370513,0.4673452175282961,180122.46,2,0,4
P019,1,football,Kansas,Big 12,0.9765504773492967,-0.24030709378393744,-0.7667883231145912,0,-1.507359496761061,0.4673452175282961,40220.99,1,1,1
P019,2,football,Kansas,Big 12,0.3642078105797241,-0.19260818672082958,-0.8585606429639399,0,-1.128625954861297,0.4673452175282961,54548.12,2,1,1
P019,3,football,Kansas,Big 12,1.5662137860903662,-0.33570490791015306,-1.3174222422106832,0,-0.749892412961533,0.4673452175282961,112561.42,2,1,1
P019,4,football,Kansas,Big 12,1.0219091934063018,-0.0018125584683983214,-1.3174222422106832,0,-0.3711588710617689,0.4673452175282961,133959.18,2,1,1
P019,5,football,Kansas,Big 12,2.0991786997601793,-0.5741994432256922,-0.5832436834158939,0,0.00757467083799512,0.4673452175282961,264673.7,3,1,1
P019,6,football,Kansas,Big 12,0.8291346501640292,-0.2880060008470452,-1.3174222422106832,0,0.38630821273775917,0.4673452175282961,247089.26,3,1,1
P019,7,football,Kansas,Big 12,1.101286946506061,-0.6218983502887999,-1.1950591490782183,0,0.7650417546375232,0.4673452175282961,186253.91,2,1,1
P019,8,football,Kansas,Big 12,1.9971215886319167,-0.3834038149732608,-0.30792672386784803,0,1.1437752965372872,0.4673452175282961,386650.72,3,1,1
P019,9,football,Kansas,Big 12,1.4414773169336013,-0.19260818672082958,-1.0421052826626371,1,1.1437752965372872,0.4673452175282961,216795.3,3,1,1
P019,10,football,Kansas,Big 12,2.7568800825867568,-0.09721037259461383,-0.9503329628132885,0,1.5225088384370513,0.4673452175282961,409871.93,3,1,1
P020,1,basketball,Alabama,SEC,-0.07803967097607793,0.6182732333520035,1.4357473532697764,0,-1.507359496761061,0.4673452175282961,31310.63,1,0,4
P020,2,basketball,Alabama,SEC,-0.384211004360864,1.2860579322355128,1.1604303937217304,0,-1.128625954861297,0.4673452175282961,55548.32,2,0,4
P020,3,basketball,Alabama,SEC,0.3755474895939756,0.8567677686675426,1.8334274059502873,0,-0.749892412961533,0.4673452175282961,97211.03,2,0,4
P020,4,basketball,Alabama,SEC,0.3415284525512215,1.1429612110461893,1.4357473532697764,0,-0.3711588710617689,0.4673452175282961,115671.67,2,0,4
P020,5,basketball,Alabama,SEC,-0.7017220167599015,1.0952623039830818,1.1604303937217304,0,0.00757467083799512,0.4673452175282961,113180.36,2,0,4
P020,6,basketball,Alabama,SEC,0.3755474895939756,1.0475633969199736,1.5887012196853574,0,0.38630821273775917,0.4673452175282961,184811.94,2,0,4
P020,7,basketball,Alabama,SEC,0.3415284525512215,1.1429612110461893,1.1604303937217304,0,0.7650417546375232,0.4673452175282961,191219.58,2,0,4
P020,8,basketball,Alabama,SEC,-1.0986107822586983,0.4751765121626799,1.7110643128178225,0,1.1437752965372872,0.4673452175282961,155017.24,2,0,4
P020,9,basketball,Alabama,SEC,-0.6110045846458908,0.5228754192257877,1.0380673005892656,1,1.1437752965372872,0.4673452175282961,131600.91,2,0,4
P020,10,basketball,Alabama,SEC,0.4549252426937349,1.3814557463617285,1.5275196731191252,0,1.5225088384370513,0.4673452175282961,241366.32,3,0,4
P021,1,football,Ohio State,Big Ten,0.012677761137932859,-0.6218983502887999,-0.736197549831475,0,-1.507359496761061,-1.6569512257821408,202552.12,3,1,2
P021,2,football,Ohio State,Big Ten,-0.5543061895746341,-0.6218983502887999,-0.8585606429639399,0,-1.128625954861297,-1.6569512257821408,357596.64,3,1,2
P021,3,football,Ohio State,Big Ten,-0.7810997698596608,-0.6695972573519078,-0.9503329628132885,0,-0.749892412961533,-1.6569512257821408,361110.56,3,1,2
P021,4,football,Ohio State,Big Ten,-0.8264584859166663,-0.7172961644150156,-0.5220621368496614,0,-0.3711588710617689,-1.6569512257821408,577657.64,4,1,2
P021,5,football,Ohio State,Big Ten,-0.3728713253466127,-1.146586327982986,-0.9809237360964047,0,0.00757467083799512,-1.6569512257821408,610286.36,4,1,2
P021,6,football,Ohio State,Big Ten,-0.4295697204178694,-0.9080917926674469,-0.8585606429639399,0,0.38630821273775917,-1.6569512257821408,762584.77,4,1,2
P021,7,football,Ohio State,Big Ten,0.5343029957934942,-0.8126939785412313,-1.1338776025119859,0,0.7650417546375232,-1.6569512257821408,1550509.23,5,1,2
P021,8,football,Ohio State,Big Ten,-0.20277614013284262,-0.7649950714781234,-0.9503329628132885,0,1.1437752965372872,-1.6569512257821408,1030231.53,5,1,2
P021,9,football,Ohio State,Big Ten,0.10339519325194364,-0.860392885604339,-1.0421052826626371,0,1.5225088384370513,-1.6569512257821408,1703514.35,5,1,2
P021,10,football,Ohio State,Big Ten,-0.5883252266173882,-0.860392885604339,-0.5832436834158939,0,1.9012423803368153,-1.6569512257821408,1098403.04,5,1,2
P022,1,basketball,Georgia,SEC,-0.5316268315461314,2.00154153818213,2.384061325046379,0,-1.507359496761061,0.4673452175282961,19099.86,1,0,4
P022,2,basketball,Georgia,SEC,-1.019233029158939,2.3354338876238847,1.6498827662515896,0,-1.128625954861297,0.4673452175282961,45690.29,1,0,4
P022,3,basketball,Georgia,SEC,-0.5089474735176289,1.810745909929699,1.7416550861009386,0,-0.749892412961533,0.4673452175282961,59268.59,2,0,4
P022,4,basketball,Georgia,SEC,-1.291385325500971,1.4768535604879443,1.6804735395347064,1,-0.749892412961533,0.4673452175282961,40450.14,1,0,4
P022,5,basketball,Georgia,SEC,-1.484159868743244,1.57225137461416,2.108744365498333,0,-0.3711588710617689,0.4673452175282961,88415.16,2,0,4
P022,6,basketball,Georgia,SEC,-1.2460266094439658,1.810745909929699,2.261698231913914,0,0.00757467083799512,0.4673452175282961,105297.9,2,0,4
P022,7,basketball,Georgia,SEC,-1.121290140287201,1.6676491887403757,2.414652098329495,1,0.00757467083799512,0.4673452175282961,72009.81,2,0,4
P022,8,basketball,Georgia,SEC,-0.2821538932326021,1.5245524675510518,1.955790499082752,0,0.38630821273775917,0.4673452175282961,138416.74,2,0,4
P022,9,basketball,Georgia,SEC,-0.8831568809879229,2.049240445245238,1.5275196731191252,0,0.7650417546375232,0.4673452175282961,182381.47,2,0,4
P022,10,basketball,Georgia,SEC,-1.4388011526862385,1.6676491887403757,2.261698231913914,0,1.1437752965372872,0.4673452175282961,157162.96,2,0,4
P023,1,football,Michigan,Big Ten,0.4209062056509808,-1.146586327982986,-0.7667883231145912,0,-1.507359496761061,-1.6569512257821408,177964.49,2,1,2
P023,2,football,Michigan,Big Ten,0.4209062056509808,-1.146586327982986,-1.2256499223613344,0,-1.128625954861297,-1.6569512257821408,348729.36,3,1,2
P023,3,football,Michigan,Big Ten,1.1126266255203126,-1.0034896067936627,-0.6750160032652426,0,-0.749892412961533,-1.6569512257821408,452852.5,3,1,2
P023,4,football,Michigan,Big Ten,1.2033440576343235,-0.8126939785412313,-0.6444252299821263,0,-0.3711588710617689,-1.6569512257821408,921070.49,4,1,2
P023,5,football,Michigan,Big Ten,1.08994726749181,-1.0988874209198782,-0.9197421895301724,0,0.00757467083799512,-1.6569512257821408,877250.62,4,1,2
P023,6,football,Michigan,Big Ten,1.622912181161623,-0.7649950714781234,-0.3996990437171966,0,0.38630821273775917,-1.6569512257821408,1507944.65,5,1,2
P023,7,football,Michigan,Big Ten,2.337311959059457,-1.0988874209198782,-0.7667883231145912,0,0.7650417546375232,-1.6569512257821408,1512426.63,5,1,2
P023,8,football,Michigan,Big Ten,0.024017440152183957,-1.146586327982986,-0.6138344566990102,1,0.7650417546375232,-1.6569512257821408,624055.03,4,1,2
P023,9,football,Michigan,Big Ten,2.35999131708796,-1.0034896067936627,-1.1032868292288696,0,1.1437752965372872,-1.6569512257821408,1778378.19,5,1,2
P023,10,football,Michigan,Big Ten,-0.5316268315461314,-1.146586327982986,-0.3691082704340804,0,1.5225088384370513,-1.6569512257821408,1410794.34,5,1,2
P024,1,basketball,USC,Big 12,1.7363089713041362,-0.8126939785412313,1.1910211670048465,0,-1.507359496761061,-1.6569512257821408,156656.56,2,0,1
P024,2,basketball,USC,Big 12,0.8291346501640292,-0.6695972573519078,1.3745658067035442,0,-1.128625954861297,-1.6569512257821408,328576.4,3,0,1
P024,3,basketball,USC,Big 12,1.0559282304490558,-0.5741994432256922,2.0169720456489846,0,-0.749892412961533,-1.6569512257821408,378000.38,3,0,1
P024,4,basketball,USC,Big 12,1.668270897218628,-0.7649950714781234,0.9768857540230331,0,-0.3711588710617689,-1.6569512257821408,792510.17,4,0,1
P024,5,basketball,USC,Big 12,1.532194749047612,-0.7172961644150156,1.2827934868541953,0,0.00757467083799512,-1.6569512257821408,621902.07,4,0,1
P024,6,basketball,USC,Big 12,0.7270775390357672,-0.6218983502887999,0.8851134341736845,1,0.00757467083799512,-1.6569512257821408,451567.72,3,0,1
P024,7,basketball,USC,Big 12,2.904295909772024,-0.9557906997305547,1.3133842601373114,0,0.38630821273775917,-1.6569512257821408,1198524.34,5,0,1
P024,8,basketball,USC,Big 12,2.6661626504727463,-0.9080917926674469,1.1910211670048465,0,0.7650417546375232,-1.6569512257821408,1375594.4,5,0,1
P024,9,basketball,USC,Big 12,0.9198520822780399,-0.9080917926674469,0.6403872479087549,0,1.1437752965372872,-1.6569512257821408,1530720.03,5,0,1
P024,10,basketball,USC,Big 12,3.3465433913278266,-0.4311027220363687,1.1298396204386143,0,1.5225088384370513,-1.6569512257821408,2325294.17,5,0,1
P025,1,football,Texas,SEC,1.0786075884775586,-0.5265005361625843,-0.9197421895301724,0,-1.507359496761061,-1.6569512257821408,153807.01,2,1,4
P025,2,football,Texas,SEC,1.2146837366485745,-0.24030709378393744,-0.7056067765483588,1,-1.507359496761061,-1.6569512257821408,104836.48,2,1,4
P025,3,football,Texas,SEC,1.1126266255203126,-0.3834038149732608,-1.0421052826626371,0,-1.128625954861297,-1.6569512257821408,421777.36,3,1,4
P025,4,football,Texas,SEC,0.30750941550846744,-0.4311027220363687,-0.5220621368496614,0,-0.749892412961533,-1.6569512257821408,369073.44,3,1,4
P025,5,football,Texas,SEC,0.4776046007222375,-0.3834038149732608,-1.1032868292288696,0,-0.3711588710617689,-1.6569512257821408,743300.45,4,1,4
P025,6,football,Texas,SEC,1.690950255247131,-0.5741994432256922,-0.06320053760291834,1,-0.3711588710617689,-1.6569512257821408,746202.22,4,1,4
P025,7,football,Texas,SEC,2.3486516380737084,-0.2880060008470452,-0.4914713635665452,0,0.00757467083799512,-1.6569512257821408,904271.99,4,1,4
P025,8,football,Texas,SEC,0.9085124032637885,-0.9557906997305547,-1.3174222422106832,0,0.38630821273775917,-1.6569512257821408,1195094.64,5,1,4
P025,9,football,Texas,SEC,2.7115213665297517,-0.7649950714781234,-0.6750160032652426,0,0.7650417546375232,-1.6569512257821408,1477838.54,5,1,4
P025,10,football,Texas,SEC,2.507407144273227,-0.7649950714781234,-0.6444252299821263,0,1.1437752965372872,-1.6569512257821408,1835097.28,5,1,4
P026,1,basketball,Oregon,Big Ten,0.6136807488932539,-0.2880060008470452,0.793341114324336,0,-1.507359496761061,0.4673452175282961,32957.67,1,0,2
P026,2,basketball,Oregon,Big Ten,0.4549252426937349,-0.2880060008470452,0.9157042074568006,0,-1.128625954861297,0.4673452175282961,54517.41,2,0,2
P026,3,basketball,Oregon,Big Ten,0.5796617118504998,0.14128416272092528,1.0074765273061492,0,-0.749892412961533,0.4673452175282961,89660.19,2,0,2
P026,4,basketball,Oregon,Big Ten,0.6817188229787616,-0.5741994432256922,0.7627503410412195,0,-0.3711588710617689,0.4673452175282961,93782.56,2,0,2
P026,5,basketball,Oregon,Big Ten,0.3301887735369704,-0.09721037259461383,1.2522027135710792,0,0.00757467083799512,0.4673452175282961,121889.5,2,0,2
P026,6,basketball,Oregon,Big Ten,0.953871119320794,-0.2880060008470452,0.5792057013425224,0,0.38630821273775917,0.4673452175282961,163319.66,2,0,2
P026,7,basketball,Oregon,Big Ten,0.2961697364942163,-0.3834038149732608,0.5792057013425224,0,0.7650417546375232,0.4673452175282961,237438.91,3,0,2
P026,8,basketball,Oregon,Big Ten,0.625020427907505,-0.3834038149732608,0.8851134341736845,0,1.1437752965372872,0.4673452175282961,212303.24,3,0,2
P026,9,basketball,Oregon,Big Ten,1.3167408477768368,-0.0018125584683983214,0.6403872479087549,0,1.5225088384370513,0.4673452175282961,294154.47,3,0,2
P026,10,basketball,Oregon,Big Ten,0.4322458846652323,-0.24030709378393744,1.2827934868541953,0,1.9012423803368153,0.4673452175282961,286252.7,3,0,2
P027,1,football,LSU,SEC,0.953871119320794,-1.0511885138567703,-0.27733595058473176,0,-1.507359496761061,0.4673452175282961,34131.57,1,1,4
P027,2,football,LSU,SEC,0.6476997859360075,-1.0511885138567703,-1.1338776025119859,0,-1.128625954861297,0.4673452175282961,56572.63,2,1,4
P027,3,football,LSU,SEC,0.9311917612922911,-0.7649950714781234,-0.0020189910366858557,0,-0.749892412961533,0.4673452175282961,82540.34,2,1,4
P027,4,football,LSU,SEC,0.4549252426937349,-0.9557906997305547,-0.21615440401849928,0,-0.3711588710617689,0.4673452175282961,136740.45,2,1,4
P027,5,football,LSU,SEC,-0.010001596890569737,-1.146586327982986,-0.736197549831475,0,0.00757467083799512,0.4673452175282961,132789.74,2,1,4
P027,6,football,LSU,SEC,1.9971215886319167,-1.0034896067936627,-1.0421052826626371,0,0.38630821273775917,0.4673452175282961,294867.26,3,1,4
P027,7,football,LSU,SEC,0.13741423029469735,-0.5741994432256922,-0.8891514162470561,0,0.7650417546375232,0.4673452175282961,243650.97,3,1,4
P027,8,football,LSU,SEC,0.953871119320794,-0.47880162909947654,-0.7056067765483588,0,1.1437752965372872,0.4673452175282961,227823.9,3,1,4
P027,9,football,LSU,SEC,1.4528169959478527,-1.0034896067936627,-0.4608805902834291,1,1.1437752965372872,0.4673452175282961,159451.52,2,1,4
P027,10,football,LSU,SEC,0.3301887735369704,-1.0988874209198782,-0.8279698696808236,0,1.5225088384370513,0.4673452175282961,245970.88,3,1,4
P028,1,basketball,Clemson,ACC,0.2848300574799648,-0.6695972573519078,0.2732979685113602,0,-1.507359496761061,-0.5948030041269224,64168.07,2,0,0
P028,2,basketball,Clemson,ACC,0.953871119320794,-0.5741994432256922,0.15093487537889522,0,-1.128625954861297,-0.5948030041269224,200142.55,3,0,0
P028,3,basketball,Clemson,ACC,0.3415284525512215,-0.9557906997305547,0.793341114324336,0,-0.749892412961533,-0.5948030041269224,208403.59,3,0,0
P028,4,basketball,Clemson,ACC,1.0105695143920508,-0.3834038149732608,0.3956610616438249,0,-0.3711588710617689,-0.5948030041269224,328152.0,3,0,0
P028,5,basketball,Clemson,ACC,0.6363601069217565,-0.7649950714781234,0.670978021191871,0,0.00757467083799512,-0.5948030041269224,382427.51,3,0,0
P028,6,basketball,Clemson,ACC,-0.2708142142183506,-1.146586327982986,0.7627503410412195,0,0.38630821273775917,-0.5948030041269224,361480.01,3,0,0
P028,7,basketball,Clemson,ACC,1.4187979589050987,-0.860392885604339,0.6403872479087549,0,0.7650417546375232,-0.5948030041269224,693418.38,4,0,0
P028,8,basketball,Clemson,ACC,0.6363601069217565,-0.860392885604339,0.4874333814931738,0,1.1437752965372872,-0.5948030041269224,604104.05,4,0,0
P028,9,basketball,Clemson,ACC,-0.18009678210433983,-0.7649950714781234,0.793341114324336,0,1.5225088384370513,-0.5948030041269224,742635.41,4,0,0
P028,10,basketball,Clemson,ACC,2.087839020745928,-0.6695972573519078,0.5792057013425224,0,1.9012423803368153,-0.5948030041269224,1008998.11,5,0,0
P029,1,football,Penn State,Big Ten,-0.8944965600021743,-0.33570490791015306,-0.30792672386784803,0,-1.507359496761061,1.5294934391835147,9772.2,1,1,2
P029,2,football,Penn State,Big Ten,-0.13473806604733463,-0.3834038149732608,-0.18556363073538304,0,-1.128625954861297,1.5294934391835147,21728.89,1,1,2
P029,3,football,Penn State,Big Ten,-0.010001596890569737,-0.5265005361625843,-0.5220621368496614,0,-0.749892412961533,1.5294934391835147,23835.53,1,1,2
P029,4,football,Penn State,Big Ten,-0.4862681154891261,-0.6218983502887999,-0.30792672386784803,0,-0.3711588710617689,1.5294934391835147,38867.7,1,1,2
P029,5,football,Penn State,Big Ten,-0.7130616957741528,-0.33570490791015306,-0.27733595058473176,0,0.00757467083799512,1.5294934391835147,55550.57,2,1,2
P029,6,football,Penn State,Big Ten,-0.10071902900458053,-0.6695972573519078,-0.30792672386784803,0,0.38630821273775917,1.5294934391835147,56524.27,2,1,2
P029,7,football,Penn State,Big Ten,-0.7584204118311583,-0.47880162909947654,0.12034410209577912,0,0.7650417546375232,1.5294934391835147,45821.19,1,1,2
P029,8,football,Penn State,Big Ten,0.17143326733745143,-0.33570490791015306,-0.5220621368496614,0,1.1437752965372872,1.5294934391835147,84510.3,2,1,2
P029,9,football,Penn State,Big Ten,0.08071583522344065,-0.860392885604339,-0.4914713635665452,0,1.5225088384370513,1.5294934391835147,91137.19,2,1,2
P029,10,football,Penn State,Big Ten,0.7497568970642698,-0.6218983502887999,-0.5832436834158939,0,1.9012423803368153,1.5294934391835147,135249.22,2,1,2
P030,1,basketball,Florida State,ACC,-0.5656458685888855,0.3320797909733565,1.8946089525165197,0,-1.507359496761061,-1.6569512257821408,117652.14,2,0,0
P030,2,basketball,Florida State,ACC,-0.5089474735176289,0.7613699545413268,1.1604303937217304,0,-1.128625954861297,-1.6569512257821408,182448.45,2,0,0
P030,3,basketball,Florida State,ACC,-0.384211004360864,0.6182732333520035,1.6804735395347064,0,-0.749892412961533,-1.6569512257821408,325291.29,3,0,0
P030,4,basketball,Florida State,ACC,-0.3048332512611047,1.1429612110461893,1.1910211670048465,1,-0.749892412961533,-1.6569512257821408,234965.31,3,0,0
P030,5,basketball,Florida State,ACC,-0.4295697204178694,0.8567677686675426,1.7110643128178225,0,-0.3711588710617689,-1.6569512257821408,424493.08,3,0,0
P030,6,basketball,Florida State,ACC,0.21679198339445704,1.1429612110461893,1.4663381265528925,0,0.00757467083799512,-1.6569512257821408,839868.1,4,0,0
P030,7,basketball,Florida State,ACC,-0.5316268315461314,0.7613699545413268,1.4969288998360086,0,0.38630821273775917,-1.6569512257821408,689959.68,4,0,0
P030,8,basketball,Florida State,ACC,-0.985213992116185,0.7613699545413268,1.7110643128178225,0,0.7650417546375232,-1.6569512257821408,944643.4,4,0,0
P030,9,basketball,Florida State,ACC,0.012677761137932859,0.9044666757306502,1.3439750334204275,0,1.1437752965372872,-1.6569512257821408,1297443.08,5,0,0
P030,10,basketball,Florida State,ACC,-0.9738743131019337,1.1429612110461893,1.4357473532697764,1,1.1437752965372872,-1.6569512257821408,602745.32,4,0,0
P031,1,football,Oklahoma,SEC,0.3188490945227189,-0.6695972573519078,-0.7667883231145912,0,-1.507359496761061,-0.5948030041269224,64420.07,2,1,4
P031,2,football,Oklahoma,SEC,0.09205551423769215,-0.860392885604339,-0.6750160032652426,1,-1.507359496761061,-0.5948030041269224,67812.73,2,1,4
P031,3,football,Oklahoma,SEC,0.3642078105797241,-0.7172961644150156,-0.8279698696808236,0,-1.128625954861297,-0.5948030041269224,153017.48,2,1,4
P031,4,football,Oklahoma,SEC,0.783775934107024,-0.7172961644150156,-0.6138344566990102,0,-0.749892412961533,-0.5948030041269224,266402.15,3,1,4
P031,5,football,Oklahoma,SEC,0.7043981810072643,-0.4311027220363687,-1.3174222422106832,0,-0.3711588710617689,-0.5948030041269224,280390.81,3,1,4
P031,6,football,Oklahoma,SEC,0.2961697364942163,-0.33570490791015306,-1.1032868292288696,0,0.00757467083799512,-0.5948030041269224,447056.06,3,1,4
P031,7,football,Oklahoma,SEC,1.3394202058053395,-0.860392885604339,-1.0726960559457535,0,0.38630821273775917,-0.5948030041269224,590065.57,4,1,4
P031,8,football,Oklahoma,SEC,-0.6677029797171474,-0.9557906997305547,-1.2562406956444505,0,0.7650417546375232,-0.5948030041269224,443974.62,3,1,4
P031,9,football,Oklahoma,SEC,0.4662649217079864,-1.146586327982986,-1.3174222422106832,0,1.1437752965372872,-0.5948030041269224,499518.14,3,1,4
P031,10,football,Oklahoma,SEC,-1.0759314242301958,-0.9557906997305547,-1.286831468927567,0,1.5225088384370513,-0.5948030041269224,601823.56,4,1,4
P032,1,basketball,Tennessee,SEC,-0.4295697204178694,-0.5741994432256922,0.3956610616438249,0,-1.507359496761061,1.5294934391835147,7647.89,1,0,4
P032,2,basketball,Tennessee,SEC,-0.4295697204178694,-0.9557906997305547,0.5180241547762898,0,-1.128625954861297,1.5294934391835147,17236.98,1,0,4
P032,3,basketball,Tennessee,SEC,-0.6223442636601423,-0.3834038149732608,0.8851134341736845,0,-0.749892412961533,1.5294934391835147,26217.44,1,0,4
P032,4,basketball,Tennessee,SEC,-0.8264584859166663,-0.5741994432256922,1.5581104464022413,0,-0.3711588710617689,1.5294934391835147,26370.46,1,0,4
P032,5,basketball,Tennessee,SEC,-0.12339838703308312,-0.8126939785412313,0.9768857540230331,0,0.00757467083799512,1.5294934391835147,46610.33,1,0,4
P032,6,basketball,Tennessee,SEC,-0.849137843945169,-0.7649950714781234,1.1298396204386143,0,0.38630821273775917,1.5294934391835147,38903.6,1,0,4
P032,7,basketball,Tennessee,SEC,0.0013380821236813594,-0.5265005361625843,1.2827934868541953,0,0.7650417546375232,1.5294934391835147,65915.73,2,0,4
P032,8,basketball,Tennessee,SEC,-1.0986107822586983,-0.5741994432256922,1.0686580738723817,0,1.1437752965372872,1.5294934391835147,52723.24,2,0,4
P032,9,basketball,Tennessee,SEC,-0.08937934999032943,-1.0511885138567703,1.2827934868541953,0,1.5225088384370513,1.5294934391835147,80294.43,2,0,4
P032,10,basketball,Tennessee,SEC,0.4095665266367297,-0.19260818672082958,0.7015687944749871,0,1.9012423803368153,1.5294934391835147,104615.44,2,0,4
P033,1,football,Notre Dame,Independent,0.4095665266367297,-0.5265005361625843,-1.1032868292288696,0,-1.507359496761061,-0.5948030041269224,96383.71,2,1,3
P033,2,football,Notre Dame,Independent,1.123966304534564,-0.6218983502887999,-0.6444252299821263,0,-1.128625954861297,-0.5948030041269224,153877.56,2,1,3
P033,3,football,Notre Dame,Independent,0.9425314403065426,-0.47880162909947654,-0.5220621368496614,0,-0.749892412961533,-0.5948030041269224,256714.14,3,1,3
P033,4,football,Notre Dame,Independent,0.17143326733745143,-0.7649950714781234,-0.7667883231145912,0,-0.3711588710617689,-0.5948030041269224,350884.52,3,1,3
P033,5,football,Notre Dame,Independent,1.0332488724205533,-0.47880162909947654,-0.5526529101327777,1,-0.3711588710617689,-0.5948030041269224,268215.8,3,1,3
P033,6,football,Notre Dame,Independent,1.5775534651046177,-0.47880162909947654,-0.5526529101327777,1,-0.3711588710617689,-0.5948030041269224,271341.68,3,1,3
P033,7,football,Notre Dame,Independent,-0.3048332512611047,-0.4311027220363687,-0.5526529101327777,0,0.00757467083799512,-0.5948030041269224,400061.07,3,1,3
P033,8,football,Notre Dame,Independent,1.9177438355321579,-0.3834038149732608,-0.3996990437171966,0,0.38630821273775917,-0.5948030041269224,591431.65,4,1,3
P033,9,football,Notre Dame,Independent,1.1693250205915693,-0.6218983502887999,-0.06320053760291834,0,0.7650417546375232,-0.5948030041269224,659038.77,4,1,3
P033,10,football,Notre Dame,Independent,0.4209062056509808,-0.5265005361625843,-0.7056067765483588,1,0.7650417546375232,-0.5948030041269224,384765.92,3,1,3
P034,1,basketball,Miami,ACC,-0.8944965600021743,0.7613699545413268,1.3745658067035442,0,-1.507359496761061,0.4673452175282961,22340.47,1,0,0
P034,2,basketball,Miami,ACC,-1.223347251415463,0.6659721404151111,1.8946089525165197,0,-1.128625954861297,0.4673452175282961,48992.07,1,0,0
P034,3,basketball,Miami,ACC,-1.223347251415463,0.7613699545413268,1.6498827662515896,0,-0.749892412961533,0.4673452175282961,45819.57,1,0,0
P034,4,basketball,Miami,ACC,-0.8151188069024149,0.6182732333520035,1.2827934868541953,0,-0.3711588710617689,0.4673452175282961,67932.53,2,0,0
P034,5,basketball,Miami,ACC,-1.1099504612729496,0.6659721404151111,1.221611940287963,0,0.00757467083799512,0.4673452175282961,104472.43,2,0,0
P034,6,basketball,Miami,ACC,-1.291385325500971,0.5228754192257877,0.9157042074568006,0,0.38630821273775917,0.4673452175282961,113939.7,2,0,0
P034,7,basketball,Miami,ACC,-0.5996649056316394,0.9521655827937583,1.0074765273061492,0,0.7650417546375232,0.4673452175282961,162322.3,2,0,0
P034,8,basketball,Miami,ACC,-0.5656458685888855,0.6659721404151111,1.0380673005892656,0,1.1437752965372872,0.4673452175282961,219525.76,3,0,0
P034,9,basketball,Miami,ACC,-1.1666488563442063,0.6659721404151111,1.4051565799866603,0,1.5225088384370513,0.4673452175282961,189385.36,2,0,0
P034,10,basketball,Miami,ACC,-0.4295697204178694,0.5705743262888956,1.4357473532697764,0,1.9012423803368153,0.4673452175282961,182497.98,2,0,0
P035,1,football,UCLA,Big Ten,-0.6563633007028962,-0.19260818672082958,-0.8891514162470561,0,-1.507359496761061,-0.5948030041269224,80546.76,2,1,2
P035,2,football,UCLA,Big Ten,-0.1914364611185913,-0.09721037259461383,-0.8585606429639399,0,-1.128625954861297,-0.5948030041269224,164614.12,2,1,2
P035,3,football,UCLA,Big Ten,-0.8604775229594204,-0.3834038149732608,-1.3174222422106832,1,-1.128625954861297,-0.5948030041269224,86125.11,2,1,2
P035,4,football,UCLA,Big Ten,-1.087271103244447,-0.8126939785412313,-1.011514509379521,1,-1.128625954861297,-0.5948030041269224,89643.29,2,1,2
P035,5,football,UCLA,Big Ten,-0.14607774506158613,-0.33570490791015306,-1.1032868292288696,0,-0.749892412961533,-0.5948030041269224,198189.71,2,1,2
P035,6,football,UCLA,Big Ten,-0.7810997698596608,-0.19260818672082958,-1.1338776025119859,0,-0.3711588710617689,-0.5948030041269224,270222.18,3,1,2
P035,7,football,UCLA,Big Ten,-0.7017220167599015,-0.3834038149732608,-1.3174222422106832,0,0.00757467083799512,-0.5948030041269224,273459.62,3,1,2
P035,8,football,UCLA,Big Ten,0.5569823538219972,-1.0988874209198782,-1.011514509379521,0,0.38630821273775917,-0.5948030041269224,568043.07,4,1,2
P035,9,football,UCLA,Big Ten,-1.3027250045152226,-0.19260818672082958,-0.7973790963977073,0,0.7650417546375232,-0.5948030041269224,438359.89,3,1,2
P035,10,football,UCLA,Big Ten,-0.11205870801883203,-0.2880060008470452,-1.2256499223613344,0,1.1437752965372872,-0.5948030041269224,626521.31,4,1,2
P036,1,basketball,Washington,Big Ten,-1.4274614736719873,1.6199502816772675,0.059162555529546634,0,-1.507359496761061,0.4673452175282961,20617.94,1,0,2
P036,2,basketball,Washington,Big Ten,-1.1666488563442063,1.57225137461416,-0.15497285745226694,0,-1.128625954861297,0.4673452175282961,34096.4,1,0,2
P036,3,basketball,Washington,Big Ten,-1.2346869304297143,2.00154153818213,-0.15497285745226694,0,-0.749892412961533,0.4673452175282961,55705.49,2,0,2
P036,4,basketball,Washington,Big Ten,-1.019233029158939,1.763047002866591,0.15093487537889522,0,-0.3711588710617689,0.4673452175282961,76126.66,2,0,2
P036,5,basketball,Washington,Big Ten,-1.3140646835294738,1.9061437240559147,-0.18556363073538304,0,0.00757467083799512,0.4673452175282961,119972.22,2,0,2
P036,6,basketball,Washington,Big Ten,-1.0645917452159444,1.810745909929699,-0.1243820841691507,0,0.38630821273775917,0.4673452175282961,130452.76,2,0,2
P036,7,basketball,Washington,Big Ten,-1.586216979871506,1.8584448169928067,0.028571782246430526,0,0.7650417546375232,0.4673452175282961,119101.44,2,0,2
P036,8,basketball,Washington,Big Ten,-1.3707630786007305,1.4768535604879443,-0.09379131088603446,0,1.1437752965372872,0.4673452175282961,142480.46,2,0,2
P036,9,basketball,Washington,Big Ten,-0.9625346340876824,1.6676491887403757,0.21211642194512773,0,1.5225088384370513,0.4673452175282961,182070.45,2,0,2
P036,10,basketball,Washington,Big Ten,-0.6903823377456503,1.5245524675510518,-0.4302898170003129,0,1.9012423803368153,0.4673452175282961,237419.56,3,0,2
P037,1,football,Duke,ACC,-0.5089474735176289,-0.5741994432256922,-1.2256499223613344,1,-1.507359496761061,0.4673452175282961,14810.88,1,1,0
P037,2,football,Duke,ACC,-0.8831568809879229,-0.33570490791015306,-1.1032868292288696,1,-1.507359496761061,0.4673452175282961,16360.8,1,1,0
P037,3,football,Duke,ACC,-0.6903823377456503,-1.146586327982986,-0.7056067765483588,0,-1.507359496761061,0.4673452175282961,18867.42,1,1,0
P037,4,football,Duke,ACC,-1.1099504612729496,-0.5265005361625843,-0.7973790963977073,0,-1.128625954861297,0.4673452175282961,42672.24,1,1,0
P037,5,football,Duke,ACC,-0.2367951771755967,-0.1449092796577217,-1.0421052826626371,0,-0.749892412961533,0.4673452175282961,62429.53,2,1,0
P037,6,football,Duke,ACC,-0.6677029797171474,-0.5265005361625843,-0.4914713635665452,0,-0.3711588710617689,0.4673452175282961,97547.52,2,1,0
P037,7,football,Duke,ACC,-0.8718172019736716,-0.860392885604339,-0.736197549831475,0,0.00757467083799512,0.4673452175282961,118540.89,2,1,0
P037,8,football,Duke,ACC,-0.5769855476031369,-0.5741994432256922,-1.3174222422106832,0,0.38630821273775917,0.4673452175282961,158512.74,2,1,0
P037,9,football,Duke,ACC,-1.0305727081731904,-0.5265005361625843,-1.011514509379521,0,0.7650417546375232,0.4673452175282961,140808.72,2,1,0
P037,10,football,Duke,ACC,-1.2006678933869606,-0.24030709378393744,-0.7973790963977073,0,1.1437752965372872,0.4673452175282961,149156.84,2,1,0
P038,1,basketball,Kentucky,SEC,0.7384172180500184,-0.049511465531506184,-0.3996990437171966,0,-1.507359496761061,-0.5948030041269224,84895.79,2,0,4
P038,2,basketball,Kentucky,SEC,-0.06669999196182642,0.5228754192257877,-0.33851749715096413,0,-1.128625954861297,-0.5948030041269224,145465.08,2,0,4
P038,3,basketball,Kentucky,SEC,0.08071583522344065,0.2366819768471408,-0.03260976431980196,0,-0.749892412961533,-0.5948030041269224,208726.66,3,0,4
P038,4,basketball,Kentucky,SEC,0.058036477194938055,-0.049511465531506184,0.028571782246430526,0,-0.3711588710617689,-0.5948030041269224,223039.67,3,0,4
P038,5,basketball,Kentucky,SEC,1.3054011687625853,0.045886348594709546,0.24270719522824383,0,0.00757467083799512,-0.5948030041269224,399728.59,3,0,4
P038,6,basketball,Kentucky,SEC,0.7384172180500184,-0.1449092796577217,0.2732979685113602,0,0.38630821273775917,-0.5948030041269224,367438.4,3,0,4
P038,7,basketball,Kentucky,SEC,0.5229633167792431,-0.19260818672082958,0.3956610616438249,0,0.7650417546375232,-0.5948030041269224,560961.34,4,0,4
P038,8,basketball,Kentucky,SEC,0.11473487226619475,0.0935852556578174,0.059162555529546634,1,0.7650417546375232,-0.5948030041269224,307045.57,3,0,4
P038,9,basketball,Kentucky,SEC,1.793007366375393,0.18898306978403293,-0.24674517730161552,0,1.1437752965372872,-0.5948030041269224,638691.58,4,0,4
P038,10,basketball,Kentucky,SEC,1.6115725021473712,0.0935852556578174,0.028571782246430526,0,1.5225088384370513,-0.5948030041269224,852584.81,4,0,4
P039,1,football,Kansas,Big 12,-0.8831568809879229,-1.146586327982986,-0.3996990437171966,0,-1.507359496761061,-1.6569512257821408,139893.14,2,1,1
P039,2,football,Kansas,Big 12,-0.6563633007028962,-0.9080917926674469,-0.24674517730161552,0,-1.128625954861297,-1.6569512257821408,258578.65,3,1,1
P039,3,football,Kansas,Big 12,-0.7017220167599015,-0.9080917926674469,-0.9503329628132885,1,-1.128625954861297,-1.6569512257821408,143317.95,2,1,1
P039,4,football,Kansas,Big 12,-0.8264584859166663,-0.860392885604339,-0.27733595058473176,0,-0.749892412961533,-1.6569512257821408,426664.86,3,1,1
P039,5,football,Kansas,Big 12,-0.5202871525318802,-0.1449092796577217,-0.7056067765483588,0,-0.3711588710617689,-1.6569512257821408,710311.51,4,1,1
P039,6,football,Kansas,Big 12,0.11473487226619475,-0.8126939785412313,-0.18556363073538304,0,0.00757467083799512,-1.6569512257821408,806484.84,4,1,1
P039,7,football,Kansas,Big 12,-0.4522490784463722,-1.0988874209198782,-0.6444252299821263,0,0.38630821273775917,-1.6569512257821408,732838.7,4,1,1
P039,8,football,Kansas,Big 12,-1.3480837205722278,-1.146586327982986,-0.3996990437171966,0,0.7650417546375232,-1.6569512257821408,1003484.63,5,1,1
P039,9,football,Kansas,Big 12,-0.5316268315461314,-0.5741994432256922,-0.7667883231145912,0,1.1437752965372872,-1.6569512257821408,1181777.26,5,1,1
P039,10,football,Kansas,Big 12,-0.7697600908454095,-0.9080917926674469,-0.4914713635665452,0,1.5225088384370513,-1.6569512257821408,1426005.29,5,1,1
P040,1,basketball,Alabama,SEC,-0.8604775229594204,0.4751765121626799,0.2732979685113602,0,-1.507359496761061,1.5294934391835147,6701.34,1,0,4
P040,2,basketball,Alabama,SEC,-0.5996649056316394,-0.049511465531506184,-0.1243820841691507,0,-1.128625954861297,1.5294934391835147,18236.6,1,0,4
P040,3,basketball,Alabama,SEC,-0.5543061895746341,0.5228754192257877,-0.5220621368496614,0,-0.749892412961533,1.5294934391835147,17059.04,1,0,4
P040,4,basketball,Alabama,SEC,-0.9398552760591796,0.2843808839102486,0.15093487537889522,0,-0.3711588710617689,1.5294934391835147,20362.41,1,0,4
P040,5,basketball,Alabama,SEC,-0.6223442636601423,-0.19260818672082958,0.24270719522824383,0,0.00757467083799512,1.5294934391835147,42403.19,1,0,4
P040,6,basketball,Alabama,SEC,-0.6563633007028962,0.9044666757306502,0.21211642194512773,0,0.38630821273775917,1.5294934391835147,49008.5,1,0,4
P040,7,basketball,Alabama,SEC,-0.5429665105603828,0.37977869803646436,-0.0020189910366858557,0,0.7650417546375232,1.5294934391835147,59422.06,2,0,4
P040,8,basketball,Alabama,SEC,-0.08937934999032943,0.045886348594709546,-0.15497285745226694,0,1.1437752965372872,1.5294934391835147,83685.62,2,0,4
P040,9,basketball,Alabama,SEC,-0.4635887574606235,0.42747760509957206,0.30388874179447634,0,1.5225088384370513,1.5294934391835147,86279.05,2,0,4
P040,10,basketball,Alabama,SEC,-0.9285155970449284,0.0935852556578174,0.21211642194512773,0,1.9012423803368153,1.5294934391835147,50367.59,2,0,4
P041,1,football,Ohio State,Big Ten,-1.2346869304297143,-0.7172961644150156,-0.3691082704340804,0,-1.507359496761061,1.5294934391835147,5755.54,1,1,2
P041,2,football,Ohio State,Big Ten,-1.087271103244447,-0.2880060008470452,-0.30792672386784803,0,-1.128625954861297,1.5294934391835147,18728.67,1,1,2
P041,3,football,Ohio State,Big Ten,-1.5975566588857573,-0.5265005361625843,-0.7667883231145912,0,-0.749892412961533,1.5294934391835147,23267.28,1,1,2
P041,4,football,Ohio State,Big Ten,-1.5068392267717465,-0.33570490791015306,-0.8585606429639399,0,-0.3711588710617689,1.5294934391835147,34357.77,1,1,2
P041,5,football,Ohio State,Big Ten,-1.189328214372709,-0.6218983502887999,-0.736197549831475,0,0.00757467083799512,1.5294934391835147,41751.42,1,1,2
P041,6,football,Ohio State,Big Ten,-1.6769344119855165,-0.6218983502887999,0.028571782246430526,1,0.00757467083799512,1.5294934391835147,28061.04,1,1,2
P041,7,football,Ohio State,Big Ten,-1.053252066201693,-0.6218983502887999,-0.5526529101327777,0,0.38630821273775917,1.5294934391835147,60697.2,2,1,2
P041,8,football,Ohio State,Big Ten,-1.291385325500971,-0.19260818672082958,0.028571782246430526,0,0.7650417546375232,1.5294934391835147,50931.4,2,1,2
P041,9,football,Ohio State,Big Ten,-1.223347251415463,-0.6218983502887999,-0.5832436834158939,0,1.1437752965372872,1.5294934391835147,46708.7,1,1,2
P041,10,football,Ohio State,Big Ten,-1.688274090999768,-0.5265005361625843,-0.7056067765483588,0,1.5225088384370513,1.5294934391835147,69329.0,2,1,2
P042,1,basketball,Georgia,SEC,-0.9738743131019337,0.045886348594709546,0.21211642194512773,0,-1.507359496761061,-0.5948030041269224,57910.82,2,0,4
P042,2,basketball,Georgia,SEC,-0.9738743131019337,-0.24030709378393744,1.1298396204386143,0,-1.128625954861297,-0.5948030041269224,94925.97,2,0,4
P042,3,basketball,Georgia,SEC,-0.6223442636601423,0.0935852556578174,0.9157042074568006,0,-0.749892412961533,-0.5948030041269224,158151.76,2,0,4
P042,4,basketball,Georgia,SEC,-0.5883252266173882,-0.09721037259461383,0.793341114324336,0,-0.3711588710617689,-0.5948030041269224,249674.83,3,0,4
P042,5,basketball,Georgia,SEC,-0.4182300414036181,-0.3834038149732608,1.1298396204386143,1,-0.3711588710617689,-0.5948030041269224,180812.5,2,0,4
P042,6,basketball,Georgia,SEC,-0.7470807328169069,-0.19260818672082958,0.946294980739917,0,0.00757467083799512,-0.5948030041269224,315945.18,3,0,4
P042,7,basketball,Georgia,SEC,-0.14607774506158613,-0.3834038149732608,0.5792057013425224,0,0.38630821273775917,-0.5948030041269224,481904.15,3,0,4
P042,8,basketball,Georgia,SEC,-0.7810997698596608,-0.5741994432256922,1.1604303937217304,0,0.7650417546375232,-0.5948030041269224,340680.4,3,0,4
P042,9,basketball,Georgia,SEC,0.046696798180686956,-0.09721037259461383,0.793341114324336,1,0.7650417546375232,-0.5948030041269224,282588.34,3,0,4
P042,10,basketball,Georgia,SEC,-1.2346869304297143,-0.3834038149732608,0.5792057013425224,0,1.1437752965372872,-0.5948030041269224,437233.83,3,0,4
P043,1,football,Michigan,Big Ten,-1.5068392267717465,-0.19260818672082958,-0.1243820841691507,0,-1.507359496761061,0.4673452175282961,21963.72,1,1,2
P043,2,football,Michigan,Big Ten,-1.1326298193014526,-0.09721037259461383,-0.6138344566990102,0,-1.128625954861297,0.4673452175282961,48497.01,1,1,2
P043,3,football,Michigan,Big Ten,-1.0759314242301958,-0.2880060008470452,-0.21615440401849928,0,-0.749892412961533,0.4673452175282961,77525.02,2,1,2
P043,4,football,Michigan,Big Ten,-1.1326298193014526,-0.3834038149732608,-0.03260976431980196,0,-0.3711588710617689,0.4673452175282961,103007.53,2,1,2
P043,5,football,Michigan,Big Ten,-1.053252066201693,-0.6695972573519078,-0.7667883231145912,0,0.00757467083799512,0.4673452175282961,150366.32,2,1,2
P043,6,football,Michigan,Big Ten,-1.393442436629233,-0.33570490791015306,-0.09379131088603446,0,0.38630821273775917,0.4673452175282961,115410.73,2,1,2
P043,7,football,Michigan,Big Ten,-1.2687059674724686,-0.47880162909947654,-0.4914713635665452,0,0.7650417546375232,0.4673452175282961,125287.37,2,1,2
P043,8,football,Michigan,Big Ten,-1.2687059674724686,-0.47880162909947654,-0.7973790963977073,0,1.1437752965372872,0.4673452175282961,187773.48,2,1,2
P043,9,football,Michigan,Big Ten,-1.019233029158939,-0.33570490791015306,-0.7667883231145912,0,1.5225088384370513,0.4673452175282961,276503.48,3,1,2
P043,10,football,Michigan,Big Ten,-1.053252066201693,-0.24030709378393744,-1.2256499223613344,0,1.9012423803368153,0.4673452175282961,293643.16,3,1,2
P044,1,basketball,USC,Big 12,-0.248134856189848,-0.19260818672082958,1.9251997257996358,0,-1.507359496761061,0.4673452175282961,23057.22,1,0,1
P044,2,basketball,USC,Big 12,0.09205551423769215,-0.4311027220363687,2.047562818932101,0,-1.128625954861297,0.4673452175282961,39789.83,1,0,1
P044,3,basketball,USC,Big 12,-0.4976077945033774,-0.19260818672082958,2.414652098329495,0,-0.749892412961533,0.4673452175282961,51989.16,2,0,1
P044,4,basketball,USC,Big 12,-0.6450236216886449,-0.5265005361625843,1.8028366326671708,0,-0.3711588710617689,0.4673452175282961,93638.14,2,0,1
P044,5,basketball,USC,Big 12,-0.3615316463323614,-0.24030709378393744,1.7110643128178225,0,0.00757467083799512,0.4673452175282961,97993.45,2,0,1
P044,6,basketball,USC,Big 12,0.953871119320794,0.2843808839102486,1.4051565799866603,0,0.38630821273775917,0.4673452175282961,196377.32,2,0,1
P044,7,basketball,USC,Big 12,-0.010001596890569737,-0.19260818672082958,1.4663381265528925,0,0.7650417546375232,0.4673452175282961,211971.17,3,0,1
P044,8,basketball,USC,Big 12,0.12607455128044626,-0.19260818672082958,1.5887012196853574,0,1.1437752965372872,0.4673452175282961,163122.62,2,0,1
P044,9,basketball,USC,Big 12,0.6023410698790024,-0.33570490791015306,1.4969288998360086,0,1.5225088384370513,0.4673452175282961,208286.28,3,0,1
P044,10,basketball,USC,Big 12,0.10339519325194364,-0.24030709378393744,2.689969057877541,0,1.9012423803368153,0.4673452175282961,282807.49,3,0,1
P045,1,football,Texas,SEC,-1.291385325500971,-0.3834038149732608,-1.3174222422106832,0,-1.507359496761061,-0.5948030041269224,59220.3,2,1,4
P045,2,football,Texas,SEC,-1.484159868743244,-0.6695972573519078,-0.8585606429639399,0,-1.128625954861297,-0.5948030041269224,136350.6,2,1,4
P045,3,football,Texas,SEC,-1.3594233995864793,-0.24030709378393744,-0.6750160032652426,1,-1.128625954861297,-0.5948030041269224,91166.65,2,1,4
P045,4,football,Texas,SEC,-1.4954995477574953,-0.19260818672082958,-0.9809237360964047,0,-0.749892412961533,-0.5948030041269224,223109.59,3,1,4
P045,5,football,Texas,SEC,-1.586216979871506,-0.6218983502887999,-1.1950591490782183,1,-0.749892412961533,-0.5948030041269224,109923.96,2,1,4
P045,6,football,Texas,SEC,-1.7109534490282707,-0.24030709378393744,-0.4302898170003129,0,-0.3711588710617689,-0.5948030041269224,157587.3,2,1,4
P045,7,football,Texas,SEC,-1.552197942828752,0.045886348594709546,-0.736197549831475,1,-0.3711588710617689,-0.5948030041269224,184386.15,2,1,4
P045,8,football,Texas,SEC,-0.9511949550734309,-0.2880060008470452,-0.5832436834158939,0,0.00757467083799512,-0.5948030041269224,333842.62,3,1,4
P045,9,football,Texas,SEC,-1.3367440415579765,-0.09721037259461383,-1.0421052826626371,0,0.38630821273775917,-0.5948030041269224,442396.62,3,1,4
P045,10,football,Texas,SEC,-1.0078933501446876,-0.4311027220363687,-0.736197549831475,0,0.7650417546375232,-0.5948030041269224,496105.41,3,1,4
P046,1,basketball,Oregon,Big Ten,-0.8264584859166663,0.6182732333520035,1.0992488471554982,0,-1.507359496761061,0.4673452175282961,17734.75,1,0,2
P046,2,basketball,Oregon,Big Ten,-1.019233029158939,0.9998644898568659,1.1298396204386143,0,-1.128625954861297,0.4673452175282961,44361.93,1,0,2
P046,3,basketball,Oregon,Big Ten,-0.5316268315461314,0.9998644898568659,1.0686580738723817,0,-0.749892412961533,0.4673452175282961,84752.33,2,0,2
P046,4,basketball,Oregon,Big Ten,-1.1666488563442063,0.5705743262888956,1.5887012196853574,0,-0.3711588710617689,0.4673452175282961,82758.54,2,0,2
P046,5,basketball,Oregon,Big Ten,-1.325404362543725,1.0475633969199736,1.5581104464022413,0,0.00757467083799512,0.4673452175282961,108681.46,2,0,2
P046,6,basketball,Oregon,Big Ten,-1.121290140287201,0.6659721404151111,1.0992488471554982,1,0.00757467083799512,0.4673452175282961,59913.9,2,0,2
P046,7,basketball,Oregon,Big Ten,-1.79033120212803,0.713671047478219,1.5581104464022413,0,0.38630821273775917,0.4673452175282961,74077.22,2,0,2
P046,8,basketball,Oregon,Big Ten,-0.5883252266173882,0.713671047478219,1.3133842601373114,0,0.7650417546375232,0.4673452175282961,200381.03,3,0,2
P046,9,basketball,Oregon,Big Ten,-0.3615316463323614,0.6659721404151111,1.5887012196853574,0,1.1437752965372872,0.4673452175282961,140675.04,2,0,2
P046,10,basketball,Oregon,Big Ten,-1.223347251415463,0.9521655827937583,1.0992488471554982,1,1.1437752965372872,0.4673452175282961,99763.55,2,0,2
P047,1,football,LSU,SEC,0.2961697364942163,-0.7172961644150156,-0.3996990437171966,0,-1.507359496761061,0.4673452175282961,38314.38,1,1,4
P047,2,football,LSU,SEC,0.6023410698790024,-0.8126939785412313,-0.7056067765483588,0,-1.128625954861297,0.4673452175282961,64590.46,2,1,4
P047,3,football,LSU,SEC,-0.010001596890569737,-1.0034896067936627,-0.4914713635665452,0,-0.749892412961533,0.4673452175282961,81807.16,2,1,4
P047,4,football,LSU,SEC,0.22813166240870814,-0.7172961644150156,-0.4608805902834291,0,-0.3711588710617689,0.4673452175282961,93242.69,2,1,4
P047,5,football,LSU,SEC,0.39822684762247823,-0.5741994432256922,-0.5526529101327777,0,0.00757467083799512,0.4673452175282961,161385.4,2,1,4
P047,6,football,LSU,SEC,0.488944279736489,-0.6218983502887999,-0.30792672386784803,0,0.38630821273775917,0.4673452175282961,157965.53,2,1,4
P047,7,football,LSU,SEC,0.22813166240870814,-0.7649950714781234,-0.8279698696808236,0,0.7650417546375232,0.4673452175282961,261598.13,3,1,4
P047,8,football,LSU,SEC,-0.010001596890569737,-0.47880162909947654,-0.4608805902834291,0,1.1437752965372872,0.4673452175282961,281619.23,3,1,4
P047,9,football,LSU,SEC,1.1920043786200718,-0.09721037259461383,-1.0421052826626371,0,1.5225088384370513,0.4673452175282961,288012.74,3,1,4
P047,10,football,LSU,SEC,1.396118600876596,-0.4311027220363687,-0.24674517730161552,0,1.9012423803368153,0.4673452175282961,281094.36,3,1,4
P048,1,basketball,Clemson,ACC,0.11473487226619475,2.3354338876238847,1.8640181792334034,0,-1.507359496761061,-1.6569512257821408,112793.81,2,0,0
P048,2,basketball,Clemson,ACC,0.5456426748077456,2.096939352308346,2.047562818932101,0,-1.128625954861297,-1.6569512257821408,288051.22,3,0,0
P048,3,basketball,Clemson,ACC,0.7157378600215157,2.1923371664345614,1.8028366326671708,1,-1.128625954861297,-1.6569512257821408,269275.4,3,0,0
P048,4,basketball,Clemson,ACC,0.5796617118504998,2.049240445245238,1.8946089525165197,0,-0.749892412961533,-1.6569512257821408,342443.14,3,0,0
P048,5,basketball,Clemson,ACC,-0.5089474735176289,1.8584448169928067,1.8028366326671708,0,-0.3711588710617689,-1.6569512257821408,435648.93,3,0,0
P048,6,basketball,Clemson,ACC,-0.11205870801883203,2.1446382593714537,1.7110643128178225,0,0.00757467083799512,-1.6569512257821408,490613.24,3,0,0
P048,7,basketball,Clemson,ACC,-0.4862681154891261,2.1446382593714537,2.047562818932101,0,0.38630821273775917,-1.6569512257821408,880272.93,4,0,0
P048,8,basketball,Clemson,ACC,-0.3728713253466127,2.049240445245238,2.1393351387814494,0,0.7650417546375232,-1.6569512257821408,689274.26,4,0,0
P048,9,basketball,Clemson,ACC,0.22813166240870814,1.9538426311190225,1.955790499082752,0,1.1437752965372872,-1.6569512257821408,969960.37,4,0,0
P048,10,basketball,Clemson,ACC,0.4095665266367297,2.049240445245238,2.231107458630798,1,1.1437752965372872,-1.6569512257821408,767571.26,4,0,0
P049,1,football,Penn State,Big Ten,0.488944279736489,-0.3834038149732608,-0.33851749715096413,0,-1.507359496761061,0.4673452175282961,40015.36,1,1,2
P049,2,football,Penn State,Big Ten,0.4776046007222375,-0.6218983502887999,-1.1338776025119859,0,-1.128625954861297,0.4673452175282961,65084.56,2,1,2
P049,3,football,Penn State,Big Ten,0.4549252426937349,-0.33570490791015306,-0.7973790963977073,0,-0.749892412961533,0.4673452175282961,95069.35,2,1,2
P049,4,football,Penn State,Big Ten,1.1693250205915693,-0.6695972573519078,-0.7973790963977073,0,-0.3711588710617689,0.4673452175282961,119144.44,2,1,2
P049,5,football,Penn State,Big Ten,0.6703791439645106,0.045886348594709546,-1.0726960559457535,0,0.00757467083799512,0.4673452175282961,156368.82,2,1,2
P049,6,football,Penn State,Big Ten,1.1353059835488153,-0.5265005361625843,-1.0421052826626371,0,0.38630821273775917,0.4673452175282961,190453.77,2,1,2
P049,7,football,Penn State,Big Ten,0.18277294635170294,-0.7172961644150156,-0.5832436834158939,0,0.7650417546375232,0.4673452175282961,226205.2,3,1,2
P049,8,football,Penn State,Big Ten,-0.2141158191470939,-0.2880060008470452,-0.8585606429639399,0,1.1437752965372872,0.4673452175282961,176538.72,2,1,2
P049,9,football,Penn State,Big Ten,1.0332488724205533,-0.47880162909947654,-0.5526529101327777,0,1.5225088384370513,0.4673452175282961,270408.69,3,1,2
P049,10,football,Penn State,Big Ten,1.793007366375393,-0.8126939785412313,-0.9809237360964047,1,1.5225088384370513,0.4673452175282961,305468.44,3,1,2
P050,1,basketball,Florida State,ACC,-0.8037791278881636,0.9521655827937583,0.15093487537889522,1,-1.507359496761061,0.4673452175282961,13153.44,1,0,0
P050,2,basketball,Florida State,ACC,-1.019233029158939,0.6659721404151111,-0.5220621368496614,0,-1.507359496761061,0.4673452175282961,16302.07,1,0,0
P050,3,basketball,Florida State,ACC,-1.484159868743244,1.1906601181092975,-0.24674517730161552,0,-1.128625954861297,0.4673452175282961,41918.77,1,0,0
P050,4,basketball,Florida State,ACC,-1.121290140287201,0.8090688616044345,0.21211642194512773,0,-0.749892412961533,0.4673452175282961,73475.84,2,0,0
P050,5,basketball,Florida State,ACC,-1.4501408317004898,0.5705743262888956,0.1815256486620116,1,-0.749892412961533,0.4673452175282961,39633.53,1,0,0
P050,6,basketball,Florida State,ACC,-1.0645917452159444,0.8090688616044345,0.15093487537889522,0,-0.3711588710617689,0.4673452175282961,59694.76,2,0,0
P050,7,basketball,Florida State,ACC,-0.8377981649309175,0.8090688616044345,-0.09379131088603446,0,0.00757467083799512,0.4673452175282961,86002.34,2,0,0
P050,8,basketball,Florida State,ACC,-1.1439694983157038,1.0475633969199736,-0.0020189910366858557,0,0.38630821273775917,0.4673452175282961,100512.82,2,0,0
P050,9,basketball,Florida State,ACC,-0.6336839426743935,0.9044666757306502,0.21211642194512773,0,0.7650417546375232,0.4673452175282961,116430.47,2,0,0
P050,10,basketball,Florida State,ACC,-1.4728201897289928,1.0475633969199736,-0.06320053760291834,0,1.1437752965372872,0.4673452175282961,106472.76,2,0,0
